Benchmark,baseline,z3,cvc4,cvc5,andy_default,andy_strings-exp,seqArray,seqArray_array
modules,not found,not found,not found,not found,not found,not found,not found,not found
TransactionFee,2264,2140,timeout,2812,3115,3116,3140,4509
DiemConsensusConfig,1275,1225,1275,1229,1231,1259,1238,1279
DiemTimestamp,1419,1367,1326,1278,1316,1266,1262,1387
RecoveryAddress,3222,timeout,timeout,timeout,timeout,timeout,20260,32984
NetworkIdentity,1453,timeout,timeout,timeout,timeout,1524,1491,1668
Signature,388,379,375,383,390,379,381,387
AccountLimits,3675,3414,fail,5250,6491,6560,6539,9673
DualAttestation,2791,2579,fail,3063,3738,3667,3656,12566
TreasuryComplianceScripts,8961,timeout,timeout,timeout,timeout,timeout,timeout,timeout
DiemAccount,25212,timeout,timeout,timeout,timeout,timeout,timeout,timeout
PaymentScripts,5293,10668,timeout,timeout,timeout,29731,20379,timeout
XDX,1634,timeout,timeout,timeout,timeout,1706,1726,timeout
DiemSystem,2830,timeout,timeout,timeout,timeout,fail,fail,timeout
VASPDomain,1819,timeout,timeout,timeout,timeout,timeout,timeout,timeout
ValidatorConfig,2109,2028,timeout,timeout,timeout,2768,2702,12501
VASP,1545,1469,1532,1461,1576,1569,1579,1898
Diem,10599,timeout,timeout,timeout,timeout,timeout,timeout,timeout
AccountCreationScripts,5085,7126,timeout,timeout,timeout,timeout,23935,30797
AccountFreezing,1531,1444,fail,1704,1916,1933,1908,2391
RegisteredCurrencies,1363,timeout,timeout,timeout,timeout,1461,fail,21993
ChainId,1287,1238,1256,1226,1246,1244,1231,1358
SlidingNonce,554,565,604,592,558,567,571,591
DiemBlock,1421,1366,timeout,1432,1544,1575,1569,1855
DiemTransactionPublishingOption,1611,1510,1542,1444,1486,1472,1481,2084
Authenticator,638,timeout,620,625,613,592,593,630
Genesis,1706,1648,1659,1642,1630,1636,1637,1728
DesignatedDealer,2297,2199,fail,3734,5169,5129,5186,6532
XUS,1416,timeout,timeout,timeout,timeout,1630,1595,timeout
DiemConfig,2144,1912,fail,2139,2497,2523,2526,3886
SystemAdministrationScripts,1388,1323,1265,1257,1240,1271,1250,1327
DiemVersion,1340,1279,1329,1293,1298,1294,1323,1371
ValidatorOperatorConfig,1659,1629,1818,1745,2014,1998,2033,6662
Roles,2491,2257,2668,2435,2758,2724,2718,3370
DiemVMConfig,1379,1347,1427,1371,1407,1374,1393,2331
CoreAddresses,560,596,583,553,568,541,578,574
SharedEd25519PublicKey,1432,1420,timeout,timeout,timeout,1507,1459,1827
ValidatorAdministrationScripts,2633,timeout,timeout,timeout,timeout,fail,fail,timeout
DiemId,1977,timeout,timeout,timeout,timeout,timeout,timeout,timeout
AccountAdministrationScripts,2439,8801,timeout,timeout,timeout,timeout,5064,12120
